qid,db,question,evidence,difficulty,gold_sql
california_schools-00,california_schools,Please list the lowest ten eligible free rates for students aged 5-17 in continuation schools.,Eligible free rates for students aged 5-17 = `Free Meal Count (Ages 5-17)` / `Enrollment (Ages 5-17)`,moderate,SELECT `Free Meal Count (Ages 5-17)` / `Enrollment (Ages 5-17)` FROM frpm WHERE `Educational Option Type` = 'Continuation School' AND `Free Meal Count (Ages 5-17)` / `Enrollment (Ages 5-17)` IS NOT NULL ORDER BY `Free Meal Count (Ages 5-17)` / `Enrollment (Ages 5-17)` ASC LIMIT 10
california_schools-01,california_schools,Please list the zip code of all the charter schools in Fresno County Office of Education.,Charter schools refers to `Charter School (Y/N)` = 1 in the table fprm,simple,SELECT T2.Zip FROM frpm AS T1 INNER JOIN schools AS T2 ON T1.CDSCode = T2.CDSCode WHERE T1.`District Name` = 'Fresno County Office of Education' AND T1.`Charter School (Y/N)` = 1
california_schools-02,california_schools,What is the unabbreviated mailing address (with city name) of the school with the highest FRPM count for K-12 students?,,simple,"SELECT T2.MailStreet, T2.city FROM frpm AS T1 INNER JOIN schools AS T2 ON T1.CDSCode = T2.CDSCode ORDER BY T1.`FRPM Count (K-12)` DESC LIMIT 1"
california_schools-03,california_schools,Please list the phone numbers of the direct charter-funded schools that are opened after 2000/1/1.,Charter schools refers to `Charter School (Y/N)` = 1 in the frpm,moderate,SELECT T2.Phone FROM frpm AS T1 INNER JOIN schools AS T2 ON T1.CDSCode = T2.CDSCode WHERE T1.`Charter Funding Type` = 'Directly funded' AND T1.`Charter School (Y/N)` = 1 AND T2.OpenDate > '2000-01-01'
california_schools-04,california_schools,"Among the schools with the SAT test takers of over 500, please list the schools that are magnet schools or offer a magnet program.",Magnet schools or offer a magnet program means that Magnet = 1,simple,SELECT T2.School FROM satscores AS T1 INNER JOIN schools AS T2 ON T1.cds = T2.CDSCode WHERE T2.Magnet = 1 AND T1.NumTstTakr > 500
california_schools-05,california_schools,"Among the schools with the average score in Math over 560 in the SAT test, how many schools are directly charter-funded?",,simple,SELECT COUNT(T2.`School Code`) FROM satscores AS T1 INNER JOIN frpm AS T2 ON T1.cds = T2.CDSCode WHERE T1.AvgScrMath > 560 AND T2.`Charter Funding Type` = 'Directly funded'
california_schools-06,california_schools,Please list the phone numbers and cities of the schools with the top 10 SAT excellence rate.,Excellence rate = NumGE1500 / NumTstTakr,simple,"SELECT T1.Phone, T1.city FROM schools AS T1 INNER JOIN satscores AS T2 ON T1.CDSCode = T2.cds ORDER BY CAST(T2.NumGE1500 AS REAL) / T2.NumTstTakr DESC LIMIT 10"
california_schools-07,california_schools,How many schools in merged Alameda have number of test takers less than 100?,,simple,SELECT COUNT(T1.CDSCode) FROM schools AS T1 INNER JOIN satscores AS T2 ON T1.CDSCode = T2.cds WHERE T1.StatusType = 'Merged' AND T2.NumTstTakr < 100 AND T1.County = 'Alameda'
california_schools-08,california_schools,How many schools in Contra Costa (directly funded) have number of test takers not more than 250?,,simple,SELECT COUNT(T1.CDSCode) FROM frpm AS T1 INNER JOIN satscores AS T2 ON T1.CDSCode = T2.cds WHERE T1.`Charter Funding Type` = 'Directly funded' AND T1.`County Name` = 'Contra Costa' AND T2.NumTstTakr <= 250
california_schools-09,california_schools,In Los Angeles how many schools have more than 500 free meals but less than 700 free or reduced price meals for K-12?,,simple,SELECT COUNT(CDSCode) FROM frpm WHERE `County Name` = 'Los Angeles' AND `Free Meal Count (K-12)` > 500 AND `Free Meal Count (K-12)` < 700
california_schools-10,california_schools,Which school in Contra Costa has the highest number of test takers?,,simple,SELECT sname FROM satscores WHERE cname = 'Contra Costa' AND sname IS NOT NULL ORDER BY NumTstTakr DESC LIMIT 1
california_schools-11,california_schools,"Name schools in Riverside which the average of average math score for SAT is grater than 400, what is the funding type of these schools?",Average of average math = sum(average math scores) / count(schools).,moderate,"SELECT T1.sname, T2.`Charter Funding Type` FROM satscores AS T1 INNER JOIN frpm AS T2 ON T1.cds = T2.CDSCode WHERE T2.`District Name` LIKE 'Riverside%' GROUP BY T1.sname, T2.`Charter Funding Type` HAVING CAST(SUM(T1.AvgScrMath) AS REAL) / COUNT(T1.cds) > 400"
california_schools-12,california_schools,State the names and full communication address of high schools in Monterey which has more than 800 free or reduced price meals for ages 15-17?,"Full communication address should include Zip, Street, City, State",moderate,"SELECT T1.`School Name`, T2.Zip, T2.Street, T2.City, T2.State FROM frpm AS T1 INNER JOIN schools AS T2 ON T1.CDSCode = T2.CDSCode WHERE T2.County = 'Monterey' AND T1.`Free Meal Count (Ages 5-17)` > 800 AND T1.`School Type` = 'High Schools (Public)'"
california_schools-13,california_schools,"Consider the average difference between K-12 enrollment and 15-17 enrollment of schools that are locally funded, list number of entires which has a difference above this average.",Difference between K-12 enrollment and 15-17 enrollment can be computed by `Enrollment (K-12)` - `Enrollment (Ages 5-17)`,challenging,"SELECT COUNT(*)
    FROM frpm AS T1 INNER JOIN schools AS T2 ON T1.CDSCode = T2.CDSCode
    WHERE T1.`Charter Funding Type` = 'Locally funded' AND (T1.`Enrollment (K-12)` - T1.`Enrollment (Ages 5-17)`) > 
            (SELECT AVG(T3.`Enrollment (K-12)` - T3.`Enrollment (Ages 5-17)`) 
                 FROM frpm AS T3 INNER JOIN schools AS T4 ON T3.CDSCode = T4.CDSCode 
                 WHERE T3.`Charter Funding Type` = 'Locally funded')"
california_schools-14,california_schools,Which cities have the top 2 lowest enrollment number for students in grades 1 through 12?,K-12 refers to students in grades 1 through 12.,simple,SELECT T2.City FROM frpm AS T1 INNER JOIN schools AS T2 ON T1.CDSCode = T2.CDSCode GROUP BY T2.City ORDER BY SUM(T1.`Enrollment (K-12)`) ASC LIMIT 2
california_schools-15,california_schools,"If there are any, what are the websites address of the schools with a free meal count of 1,910-2,000 to students aged 5-17? Include the name of the school.",,moderate,"SELECT T2.Website, T1.`School Name` FROM frpm AS T1 INNER JOIN schools AS T2 ON T1.CDSCode = T2.CDSCode WHERE T1.`Free Meal Count (Ages 5-17)` BETWEEN 1910 AND 2000 AND T2.Website IS NOT NULL"
california_schools-16,california_schools,What is the administrator's email address of the chartered school with the fewest students enrolled in grades 1 through 12?,Charted school means `Charter School (Y/N)` = 1 in the table frpm; Students enrolled in grades 1 through 12 refers to `Enrollment (K-12)`,moderate,SELECT T2.AdmEmail1 FROM frpm AS T1 INNER JOIN schools AS T2 ON T1.CDSCode = T2.CDSCode WHERE T1.`Charter School (Y/N)` = 1 ORDER BY T1.`Enrollment (K-12)` ASC LIMIT 1
california_schools-17,california_schools,"What is the complete address of the 10 school with the lowest excellence rate? Indicate the Street, City, Zip and State.","Execellence Rate = NumGE1500 / NumTstTakr; complete address has Street, City, State, Zip code",moderate,"SELECT T2.Street, T2.City, T2.Zip, T2.State FROM satscores AS T1 INNER JOIN schools AS T2 ON T1.cds = T2.CDSCode ORDER BY CAST(T1.NumGE1500 AS REAL) / T1.NumTstTakr ASC LIMIT 10"
california_schools-18,california_schools,What are the webpages for the Los Angeles County school that has between 150 and 160 test takers?,,simple,SELECT T2.Website FROM satscores AS T1 INNER JOIN schools AS T2 ON T1.cds = T2.CDSCode WHERE T1.NumTstTakr BETWEEN 150 AND 160 AND T2.County = 'Los Angeles'
california_schools-19,california_schools,What is the average number of test takers from Fresno schools that opened between 1/1/1980 and 12/31/1980?,between 1/1/1980 and 12/31/1980 means the year = 1980,simple,"SELECT AVG(T1.NumTstTakr) FROM satscores AS T1 INNER JOIN schools AS T2 ON T1.cds = T2.CDSCode WHERE strftime('%Y', T2.OpenDate) = '1980' AND T2.County = 'Fresno'"
california_schools-20,california_schools,Which exclusively virtual schools have the top 5 highest average reading scores?,Exclusively virtual refers to Virtual = 'F'.,simple,SELECT T2.School FROM satscores AS T1 INNER JOIN schools AS T2 ON T1.cds = T2.CDSCode WHERE T2.Virtual = 'F' ORDER BY T1.AvgScrRead DESC LIMIT 5
california_schools-21,california_schools,"What is the average math score of the school with the lowest average score for all subjects, and in which county is it located?",Average score for all subjects can be computed by AvgScrMath + AvgScrRead + AvgScrWrite,moderate,"SELECT T1.AvgScrMath, T2.County FROM satscores AS T1 INNER JOIN schools AS T2 ON T1.cds = T2.CDSCode WHERE T1.AvgScrMath IS NOT NULL ORDER BY T1.AvgScrMath + T1.AvgScrRead + T1.AvgScrWrite ASC LIMIT 1"
california_schools-22,california_schools,What is the average writing score of the school who has the highest number of test takers whose total SAT sscores are greater or equal to 1500? Indicate the city to where the school is situated.,,simple,"SELECT T1.AvgScrWrite, T2.City FROM satscores AS T1 INNER JOIN schools AS T2 ON T1.cds = T2.CDSCode ORDER BY T1.NumGE1500 DESC LIMIT 1"
california_schools-23,california_schools,What is the monthly average number of schools that opened in Alameda County under the jurisdiction of the Elementary School District in 1980?,Elementary School District refers to DOC = 52; Monthly average number of schools that opened in 2018 = count(schools that opened in 1980) / 12,moderate,"SELECT CAST(COUNT(School) AS REAL) / 12 FROM schools WHERE DOC = 52 AND County = 'Alameda' AND strftime('%Y', OpenDate) = '1980'"
california_schools-24,california_schools,What is the ratio of merged Unified School District schools in Orange County to merged Elementary School District schools?,Elementary School District refers to DOC = 52; Unified School District refers to DOC = 54.,moderate,SELECT CAST(SUM(CASE WHEN DOC = 54 THEN 1 ELSE 0 END) AS REAL) / SUM(CASE WHEN DOC = 52 THEN 1 ELSE 0 END) FROM schools WHERE StatusType = 'Merged' AND County = 'Orange'
california_schools-25,california_schools,How many different county has the most number of closed schools? Please provide the number of unique schools.,Closure date and closed date are synonyms; 'Closed' was mentioned in schools.StatusType.,moderate,"SELECT COUNT(DISTINCT School)
    FROM schools
    WHERE County = ( SELECT County FROM schools WHERE StatusType = 'Closed' GROUP BY County ORDER BY COUNT(School) DESC LIMIT 1 ) 
    AND StatusType = 'Closed' AND school IS NOT NULL AND street IS NOT NULL"
california_schools-26,california_schools,What is the total number of schools whose total SAT scores are greater or equal to 1500 whose mailing city is Lakeport?,Total SAT scores can be computed by AvgScrRead + AvgScrMath + AvgScrWrite,simple,SELECT COUNT(T1.cds) FROM satscores AS T1 INNER JOIN schools AS T2 ON T1.cds = T2.CDSCode WHERE T2.MailCity = 'Lakeport' AND (T1.AvgScrRead + T1.AvgScrMath + T1.AvgScrWrite) >= 1500
california_schools-27,california_schools,How many test takers are there at the school/s whose city address is in Fresno?,,simple,"SELECT T1.NumTstTakr FROM satscores AS T1 INNER JOIN schools AS T2 ON T1.cds = T2.CDSCode WHERE T2.City = 'Fresno' AND Street IS NOT NULL AND School IS NOT NULL
"
california_schools-28,california_schools,"Of all the schools with a mailing state address in California, how many are active in San Joaquin?",,simple,SELECT COUNT(CDSCode) FROM schools WHERE City = 'San Joaquin' AND MailState = 'CA' AND StatusType = 'Active'
california_schools-29,california_schools,How many students from the ages of 5 to 17 are enrolled at the State Special School school in Fremont for the 2014-2015 academic year?,State Special School means EdOpsCode = 'SSS',moderate,SELECT T1.`Enrollment (Ages 5-17)` FROM frpm AS T1 INNER JOIN schools AS T2 ON T1.CDSCode = T2.CDSCode WHERE T2.EdOpsCode = 'SSS' AND T2.City = 'Fremont' AND T1.`Academic Year` BETWEEN 2014 AND 2015
superhero-00,superhero,Please list all the superpowers of 3-D Man.,3-D Man refers to superhero_name = '3-D Man'; superpowers refers to power_name,simple,SELECT T3.power_name FROM superhero AS T1 INNER JOIN hero_power AS T2 ON T1.id = T2.hero_id INNER JOIN superpower AS T3 ON T2.power_id = T3.id WHERE T1.superhero_name = '3-D Man'
superhero-01,superhero,"How many superheroes have the super power of ""Super Strength""?","super power of ""Super Strength"" refers to power_name = 'Super Strength'",simple,"SELECT COUNT(DISTINCT T1.hero_id) 
    FROM hero_power AS T1 INNER JOIN superpower AS T2 ON T1.power_id = T2.id
    JOIN superhero AS T3 ON T3.id = T1.hero_id
    WHERE T2.power_name = 'Super Strength'"
superhero-02,superhero,"Among the superheroes with the super power of ""Super Strength"", how many of them have a height of over 200cm?","super power of ""Super Strength"" refers to power_name = 'Super Strength'; a height of over 200cm refers to height_cm > 200",moderate,SELECT COUNT(T1.id) FROM superhero AS T1 INNER JOIN hero_power AS T2 ON T1.id = T2.hero_id INNER JOIN superpower AS T3 ON T2.power_id = T3.id WHERE T3.power_name = 'Super Strength' AND T1.height_cm > 200
superhero-03,superhero,How many superheroes have blue eyes?,blue eyes refers to colour = 'Blue' and eye_colour_id = colour.id;,simple,SELECT COUNT(T1.id) FROM superhero AS T1 INNER JOIN colour AS T2 ON T1.eye_colour_id = T2.id WHERE T2.colour = 'Blue'
superhero-04,superhero,Please list the full names of all the superheroes with over 15 super powers.,15 super powers refers to COUNT(full_name) > 15,simple,SELECT DISTINCT T1.full_name FROM superhero AS T1 INNER JOIN hero_power AS T2 ON T1.id = T2.hero_id GROUP BY T1.full_name HAVING COUNT(T2.power_id) > 15
superhero-05,superhero,What is the colour of Apocalypse's skin?,Apocalypse refers to superhero_name = 'Apocalypse'; colour of skin refers to colour where skin_colour_id = colour.id,simple,SELECT T2.colour FROM superhero AS T1 INNER JOIN colour AS T2 ON T1.skin_colour_id = T2.id WHERE T1.superhero_name = 'Apocalypse'
superhero-06,superhero,How many superheroes are published by Marvel Comics?,published by Marvel Comics refers to publisher_name = 'Marvel Comics',simple,SELECT COUNT(T1.id) FROM superhero AS T1 INNER JOIN publisher AS T2 ON T1.publisher_id = T2.id WHERE T2.publisher_name = 'Marvel Comics'
superhero-07,superhero,"Among the superheroes with blue eyes, how many of them have the super power of ""Agility""?","blue eyes refers to colour = 'Blue' and eye_colour_id = colour.id; super power of ""Agility"" refers to power_name = 'Agility'",moderate,SELECT COUNT(T1.id) FROM superhero AS T1 INNER JOIN hero_power AS T2 ON T1.id = T2.hero_id INNER JOIN superpower AS T3 ON T2.power_id = T3.id INNER JOIN colour AS T4 ON T1.eye_colour_id = T4.id WHERE T3.power_name = 'Agility' AND T4.colour = 'Blue'
superhero-08,superhero,Please list the superhero names of all the superheroes that have blue eyes and blond hair.,"blue eyes refers to colour = 'Blue' and eye_colour_id = colour.id; blond hair refers to colour = 'Blond' and hair_colour_id = colour.id; super power of ""Agility"" refers to power_name = 'Agility'",challenging,SELECT T1.superhero_name FROM superhero AS T1 INNER JOIN colour AS T2 ON T1.eye_colour_id = T2.id INNER JOIN colour AS T3 ON T1.hair_colour_id = T3.id WHERE T2.colour = 'Blue' AND T3.colour = 'Blond'
superhero-09,superhero,What is the publisher's name of Blue Beetle II?,Blue Beetle II refers to superhero_name = 'Blue Beetle II',simple,SELECT T2.publisher_name FROM superhero AS T1 INNER JOIN publisher AS T2 ON T1.publisher_id = T2.id WHERE T1.superhero_name = 'Blue Beetle II'
superhero-10,superhero,Please give the full name of the tallest hero published by Marvel Comics.,the tallest hero refers to MAX(height_cm); published by Marvel Comics refers to publisher_name = 'Marvel Comics',moderate,SELECT T1.full_name FROM superhero AS T1 INNER JOIN publisher AS T2 ON T1.publisher_id = T2.id WHERE T2.publisher_name = 'Marvel Comics' ORDER BY T1.height_cm DESC LIMIT 1
superhero-11,superhero,Who is the publisher of Sauron?,the publisher refers to publisher_name; Sauron refers to superhero_name = 'Sauron',simple,SELECT T2.publisher_name FROM superhero AS T1 INNER JOIN publisher AS T2 ON T1.publisher_id = T2.id WHERE T1.superhero_name = 'Sauron'
superhero-12,superhero,"Among the superheroes from Marvel Comics, how many of them have blue eyes?",the superheroes from Marvel Comics refers to publisher_name = 'Marvel Comics'; blue eyes refers to colour = 'Blue' and eye_colour_id = colour.id,moderate,SELECT COUNT(T1.id) FROM superhero AS T1 INNER JOIN publisher AS T2 ON T1.publisher_id = T2.id INNER JOIN colour AS T3 ON T1.eye_colour_id = T3.id WHERE T2.publisher_name = 'Marvel Comics' AND T3.colour = 'Blue'
superhero-13,superhero,What is the average height of the superheroes from Marvel Comics?,superheroes from Marvel Comics refers to publisher_name = 'Marvel Comics'; average height of the superheroes refers to AVG(height_cm),simple,SELECT AVG(T1.height_cm) FROM superhero AS T1 INNER JOIN publisher AS T2 ON T1.publisher_id = T2.id WHERE T2.publisher_name = 'Marvel Comics'
superhero-14,superhero,"Among the superheroes from Marvel Comics, what is the percentage of those who have the super power of ""Super Strength""?","the superheroes from Marvel Comics refers to publisher_name = 'Marvel Comics'; super power of ""Super Strength"" refers to power_name = 'Super Strength'; Calculation = MULTIPLY(DIVIDE(SUM(power_name = 'Super Strength'), COUNT(id)), 100)",challenging,SELECT CAST(COUNT(CASE WHEN T3.power_name = 'Super Strength' THEN T1.id ELSE NULL END) AS REAL) * 100 / COUNT(T1.id) FROM superhero AS T1 INNER JOIN hero_power AS T2 ON T1.id = T2.hero_id INNER JOIN superpower AS T3 ON T2.power_id = T3.id INNER JOIN publisher AS T4 ON T1.publisher_id = T4.id WHERE T4.publisher_name = 'Marvel Comics'
superhero-15,superhero,How many superheroes did DC Comics publish?,superheroes that DC Comics published refers to publisher_name = 'DC Comics',simple,SELECT COUNT(T1.id) FROM superhero AS T1 INNER JOIN publisher AS T2 ON T1.publisher_id = T2.id WHERE T2.publisher_name = 'DC Comics'
superhero-16,superhero,How many gold-eyed superheroes did Marvel Comics publish?,gold-eyed refers to colour = 'Gold' where eye_colour_id = colour.id; superheroes that Marvel Comics published refers to publisher_name = 'Marvel Comics',moderate,SELECT COUNT(T1.id) FROM superhero AS T1 INNER JOIN publisher AS T2 ON T1.publisher_id = T2.id INNER JOIN colour AS T3 ON T1.eye_colour_id = T3.id WHERE T2.publisher_name = 'Marvel Comics' AND T3.colour = 'Gold'
superhero-17,superhero,What is Copycat's race?,Copycat is the superhero_name;,simple,SELECT T2.race FROM superhero AS T1 INNER JOIN race AS T2 ON T1.race_id = T2.id WHERE T1.superhero_name = 'Copycat'
superhero-18,superhero,What are the names of the superheroes with the power of death touch?,name of superheroes refers to refers to superhero_name; the power of death touch refers to power_name = 'Death Touch',moderate,SELECT T1.superhero_name FROM superhero AS T1 INNER JOIN hero_power AS T2 ON T1.id = T2.hero_id INNER JOIN superpower AS T3 ON T2.power_id = T3.id WHERE T3.power_name = 'Death Touch'
superhero-19,superhero,What is the name of the superhero that has the most powers?,name of the superhero refers to superhero_name; superhero that has the most powers refers to MAX(COUNT(superhero_name)),simple,SELECT T1.superhero_name FROM superhero AS T1 INNER JOIN hero_power AS T2 ON T1.id = T2.hero_id GROUP BY T1.superhero_name ORDER BY COUNT(T2.hero_id) DESC LIMIT 1
superhero-20,superhero,How many vampire superheroes are there?,vampire superheroes refers to race = 'Vampire',simple,SELECT COUNT(T1.superhero_name) FROM superhero AS T1 INNER JOIN race AS T2 ON T1.race_id = T2.id WHERE T2.race = 'Vampire'
superhero-21,superhero,What is the percentage of superheroes who act in their own self-interest or make decisions based on their own moral code? Indicate how many of the said superheroes were published by Marvel Comics.,"published by Marvel Comics refers to publisher_name = 'Marvel Comics'; superheroes who act in their own self-interest or make decisions based on their own moral code refers to alignment = 'Bad'; calculation = MULTIPLY(DIVIDE(SUM(alignment = 'Bad); count(id)), 100)",challenging,"SELECT (CAST(COUNT(*) AS REAL) * 100 / (SELECT COUNT(*) FROM superhero)), CAST(SUM(CASE WHEN T2.publisher_name = 'Marvel Comics' THEN 1 ELSE 0 END) AS REAL) FROM superhero AS T1 INNER JOIN publisher AS T2 ON T1.publisher_id = T2.id INNER JOIN alignment AS T3 ON T3.id = T1.alignment_id WHERE T3.alignment = 'Bad'"
superhero-22,superhero,"Between DC and Marvel Comics, which publisher has published more superheroes? Find the difference in the number of superheroes they have published.","DC refers to publisher_name = 'DC Comics'; Marvel Comics refers to publisher_name = 'Marvel Comics'; calculation = SUBTRACT(SUM(publisher_name = 'Marvel Comics'), SUM(publisher_name = 'DC Comics'))",challenging,SELECT SUM(CASE WHEN T2.publisher_name = 'Marvel Comics' THEN 1 ELSE 0 END) - SUM(CASE WHEN T2.publisher_name = 'DC Comics' THEN 1 ELSE 0 END) FROM superhero AS T1 INNER JOIN publisher AS T2 ON T1.publisher_id = T2.id
superhero-23,superhero,What is the eye colour of superhero with superhero ID 75?,eye colour refers to colour where eye_colour_id = colour.id;,simple,SELECT T2.colour FROM superhero AS T1 INNER JOIN colour AS T2 ON T1.eye_colour_id = T2.id WHERE T1.id = 75
superhero-24,superhero,Provide the superpowers of the superhero called Deathlok.,superpowers refers to power_name; Deathlok refers to superhero_name = 'Deathlok',simple,SELECT T3.power_name FROM superhero AS T1 INNER JOIN hero_power AS T2 ON T1.id = T2.hero_id INNER JOIN superpower AS T3 ON T2.power_id = T3.id WHERE T1.superhero_name = 'Deathlok'
superhero-25,superhero,What is the average weight of all female superheroes?,female refers to gender_id = 2; average weight refers to AVG(weight_kg),simple,SELECT AVG(T1.weight_kg) FROM superhero AS T1 INNER JOIN gender AS T2 ON T1.gender_id = T2.id WHERE T2.gender = 'Female'
superhero-26,superhero,List down at top five superpowers of male superheroes. order by occurances,male refers to gender = 'Male'; superpowers refers to power_name;,moderate,"SELECT T3.power_name 
    FROM superhero AS T1 INNER JOIN hero_power AS T2 ON T1.id = T2.hero_id 
    INNER JOIN superpower AS T3 ON T3.id = T2.power_id 
    INNER JOIN gender AS T4 ON T4.id = T1.gender_id 
    WHERE T4.gender = 'Male'
    GROUP BY T3.power_name 
    ORDER BY COUNT(*)
    DESC LIMIT 5"
superhero-27,superhero,Give the name of the alien superheroes.,alien superheroes refers to race = 'Alien'; name of superhero refers to superhero_name;,simple,SELECT T1.superhero_name FROM superhero AS T1 INNER JOIN race AS T2 ON T1.race_id = T2.id WHERE T2.race = 'Alien'
superhero-28,superhero,"Among the superheroes with height from 170 to 190, list the names of the superheroes with no eye color.",height from 170 to 190 refers to height_cm BETWEEN 170 AND 190; no eye color refers to eye_colour_id = 1,moderate,SELECT DISTINCT T1.superhero_name FROM superhero AS T1 INNER JOIN colour AS T2 ON T1.eye_colour_id = T2.id WHERE T1.height_cm BETWEEN 170 AND 190 AND T2.colour LIKE 'No Colour'
superhero-29,superhero,How many bad superheroes are there?,bad superheroes refers to alignment_id = Bad,simple,SELECT COUNT(T1.id) FROM superhero AS T1 INNER JOIN alignment AS T2 ON T1.alignment_id = T2.id WHERE T2.alignment = 'Bad'
formula_1-00,formula_1,Please list the year and country during which the race is held on circuits in Shanghai.,Shanghai is a name of location;,simple,"SELECT T2.year, T1.country FROM circuits AS T1 INNER JOIN races AS T2 ON T2.circuitID = T1.circuitId WHERE T1.location = 'Shanghai'"
formula_1-01,formula_1,Where can the introduction of the races held on Circuit de Barcelona-Catalunya be found?,introduction of races refers to url; Circuit de Barcelona-Catalunya is a name of circuit;,simple,SELECT DISTINCT T1.url FROM circuits AS T1 INNER JOIN races AS T2 ON T2.circuitID = T1.circuitId WHERE T1.name = 'Circuit de Barcelona-Catalunya'
formula_1-02,formula_1,Please give the name of the race held on the circuits in Germany.,Germany is a name of country;,simple,SELECT DISTINCT T2.name FROM circuits AS T1 INNER JOIN races AS T2 ON T2.circuitID = T1.circuitId WHERE T1.country = 'Germany'
formula_1-03,formula_1,How many races in the year 2010 are held on grand prixs outside Asia and Europe?,,moderate,"SELECT COUNT(T3.raceId) FROM circuits AS T1 INNER JOIN races AS T3 ON T3.circuitID = T1.circuitId WHERE T1.country NOT IN ( 'Bahrain', 'China', 'Singapore', 'Japan', 'Korea', 'Turkey', 'UAE', 'Malaysia', 'Spain', 'Monaco', 'Azerbaijan', 'Austria', 'Belgium', 'France', 'Germany', 'Hungary', 'Italy', 'UK' ) AND T3.year = 2010"
formula_1-04,formula_1,Please give the names of the races held on the circuits in Spain.,Spain is a name of country;,simple,SELECT DISTINCT T2.name FROM circuits AS T1 INNER JOIN races AS T2 ON T2.circuitID = T1.circuitId WHERE T1.country = 'Spain'
formula_1-05,formula_1,What is the location coordinates of the circuits for Australian grand prix?,"coordinates refers to (lat, lng);",simple,"SELECT DISTINCT T1.lat, T1.lng FROM circuits AS T1 INNER JOIN races AS T2 ON T2.circuitID = T1.circuitId WHERE T2.name = 'Australian Grand Prix'"
formula_1-06,formula_1,Where can I find the information about the races held on Sepang International Circuit?,information about races refers to url;,simple,SELECT DISTINCT T1.url FROM circuits AS T1 INNER JOIN races AS T2 ON T2.circuitID = T1.circuitId WHERE T1.name = 'Sepang International Circuit'
formula_1-07,formula_1,Give the coordinate position for Abu Dhabi Grand Prix.,"coordinates refers to (lat, lng); position and location shares the same meaning.",simple,"SELECT DISTINCT T1.lat, T1.lng, T1.location FROM circuits AS T1 INNER JOIN races AS T2 ON T2.circuitID = T1.circuitId WHERE T2.name = 'Abu Dhabi Grand Prix'"
formula_1-08,formula_1,Which country is the constructor which got 1 point in the race No. 24 from?,race number refers to raceId;,simple,SELECT T2.nationality FROM constructorResults AS T1 INNER JOIN constructors AS T2 ON T2.constructorId = T1.constructorId WHERE T1.raceId = 24 AND T1.points = 1
formula_1-09,formula_1,"For the driver who had the Q2 time as 0:01:40 in the qualifying race No. 355, what is his nationality?",race number refers to raceId;,simple,SELECT DISTINCT T2.nationality FROM qualifying AS T1 INNER JOIN drivers AS T2 ON T2.driverId = T1.driverId WHERE T1.raceId = 355 AND T1.q2 LIKE '1:40%'
formula_1-10,formula_1,Show me the season page of year when the race No. 901 took place.,race number refers to raceId;,simple,SELECT T2.url FROM races AS T1 INNER JOIN seasons AS T2 ON T2.year = T1.year WHERE T1.raceId = 901
formula_1-11,formula_1,"For all the drivers who finished the game in race No. 592, who is the top 3 oldest?",drivers who finished the race refers to time is not empty; oldest driver refers to oldest dob;,moderate,"SELECT T1.forename, T1.surname FROM drivers AS T1 INNER JOIN results AS T2 ON T2.driverId = T1.driverId WHERE T2.raceId = 592 AND T2.time IS NOT NULL AND T1.dob IS NOT NULL ORDER BY T1.dob ASC LIMIT 3"
formula_1-12,formula_1,Who was the player that got the lap time of 0:01:27 in the race No. 161? Show his introduction website.,player and driver are synonyms; race number refers to raceId; introduction website of the drivers refers to url;,moderate,"SELECT DISTINCT T2.forename, T2.surname, T2.url FROM lapTimes AS T1 INNER JOIN drivers AS T2 ON T2.driverId = T1.driverId WHERE T1.raceId = 161 AND T1.time LIKE '1:27%'"
formula_1-13,formula_1,"For the top 5 driver who set the fastest lap speed in race No.933, where do they come from?",fastest lap speed refers to MAX(fastestLapSpeed);,simple,SELECT T1.nationality FROM drivers AS T1 INNER JOIN results AS T2 ON T2.driverId = T1.driverId WHERE T2.raceId = 933 AND T2.fastestLapTime IS NOT NULL ORDER BY T2.fastestLapSpeed DESC LIMIT 5
formula_1-14,formula_1,"For the driver who had the Q2 time as 0:01:15 in race No. 347, where is he from?",race number refers to raceId;,simple,SELECT DISTINCT T2.nationality FROM qualifying AS T1 INNER JOIN drivers AS T2 ON T2.driverId = T1.driverId WHERE T1.raceId = 347 AND T1.q2 LIKE '1:15%'
formula_1-15,formula_1,"For all the drivers who finished the game in race No. 872, who are the 5 youngest?",race number refers to raceId; drivers who finished the race refers to time has value; the youngest is a driver where MAX(dob);,moderate,"SELECT T1.forename, T1.surname FROM drivers AS T1 INNER JOIN results AS T2 ON T2.driverId = T1.driverId WHERE T2.raceId = 872 AND T2.time IS NOT NULL ORDER BY T1.dob DESC LIMIT 5"
formula_1-16,formula_1,"For the drivers who took part in the race in 1983/7/16, what's their race completion rate?","DIVIDE(COUNT(driverid where time has value and date = '1983-07-16'), (COUNT(driverid where date = '1983-07-16')) as percentage",moderate,SELECT CAST(COUNT(CASE WHEN T2.time IS NOT NULL THEN T2.driverId END) AS REAL) * 100 / COUNT(T2.driverId) FROM races AS T1 INNER JOIN results AS T2 ON T2.raceId = T1.raceId WHERE T1.date = '1983-07-16'
formula_1-17,formula_1,Where is Malaysian Grand Prix held? Give the location coordinates.,"coordinates refers to (lat, lng);",simple,"SELECT DISTINCT T1.lat, T1.lng FROM circuits AS T1 INNER JOIN races AS T2 ON T2.circuitID = T1.circuitId WHERE T2.name = 'Malaysian Grand Prix'"
formula_1-18,formula_1,"For the top 10 constructor which got the highest point in the race No. 9 , what is its introduction website?",race number refers to raceId; introduction website of the constructor refers to url;,moderate,SELECT T2.url FROM constructorResults AS T1 INNER JOIN constructors AS T2 ON T2.constructorId = T1.constructorId WHERE T1.raceId = 9 ORDER BY T1.points DESC LIMIT 10
formula_1-19,formula_1,"In the race No. 45, for the driver who had the Q3 time as 0:01:33, what is his abbreviated code?",race number refers to raceId;,simple,SELECT T2.code FROM qualifying AS T1 INNER JOIN drivers AS T2 ON T2.driverId = T1.driverId WHERE T1.raceId = 45 AND T1.q3 LIKE '1:33%'
formula_1-20,formula_1,Show me the season page of year when the race No. 901 took place.,race number refers to raceId;,simple,SELECT T2.url FROM races AS T1 INNER JOIN seasons AS T2 ON T2.year = T1.year WHERE T1.raceId = 901
formula_1-21,formula_1,"For the race happened in 2015/11/29, how many drivers finished the game?",,simple,SELECT COUNT(T2.driverId) FROM races AS T1 INNER JOIN results AS T2 ON T2.raceId = T1.raceId WHERE T1.date = '2015-11-29' AND T2.time IS NOT NULL
formula_1-22,formula_1,"For the driver who set the fastest lap speed, what is his nationality?","the fastest lap speed refers to (MAX) fastestLapSpeed

SQL mentions raceId = 348, that is not in the question",moderate,SELECT T1.nationality FROM drivers AS T1 INNER JOIN results AS T2 ON T2.driverId = T1.driverId WHERE T2.fastestLapTime IS NOT NULL ORDER BY T2.fastestLapSpeed DESC LIMIT 1
formula_1-23,formula_1,Name the first race recorded. What are the other races that happened within the same month and year of that race.,the first race refers to year = year(min(date)) and month = month(min(date));,moderate,"SELECT name FROM races WHERE STRFTIME('%Y', date) = ( SELECT STRFTIME('%Y', date) FROM races ORDER BY date ASC LIMIT 1 ) AND STRFTIME('%m', date) = ( SELECT STRFTIME('%m', date) FROM races ORDER BY date ASC LIMIT 1 )"
formula_1-24,formula_1,State the name and date of the last 5 rounds of race in year 1999.,the last round refers to max(round);,simple,"SELECT name, date FROM races WHERE year = 1999 ORDER BY round DESC LIMIT 5"
formula_1-25,formula_1,When was the last three f1 season whereby Brands Hatch hosted the British Grand Prix?,the last refers to max(year);,simple,SELECT T2.date FROM circuits AS T1 INNER JOIN races AS T2 ON T2.circuitID = T1.circuitId WHERE T1.name = 'Brands Hatch' AND T2.name = 'British Grand Prix' ORDER BY T2.year DESC LIMIT 3
formula_1-26,formula_1,Name the top 10 driver with the most winning. Mention his nationality and what is his average point scores.,the most winning refers to MAX(COUNT(wins)); avg(points);,moderate,"SELECT T1.forename, T1.surname, T1.nationality, AVG(T2.points) FROM drivers AS T1 INNER JOIN driverStandings AS T2 ON T2.driverId = T1.driverId WHERE T2.wins = 1 GROUP BY T1.forename, T1.surname, T1.nationality ORDER BY COUNT(T2.wins) DESC LIMIT 10"
formula_1-27,formula_1,How old is the youngest 8 Japanese driver? What are their names?,"youngest Japanese driver refers to max(dob); Japanese refers to nationality = 'Japanese'; age = 2022-year(dob)+1
",simple,"SELECT STRFTIME('%Y', CURRENT_TIMESTAMP) - STRFTIME('%Y', dob), forename , surname FROM drivers WHERE nationality = 'Japanese' ORDER BY dob DESC LIMIT 8"
formula_1-28,formula_1,List circuits which host 4 f1 races from year June 1990 to June 2000.,from year 1990 to 2000 refers to year(date) between 1990 and 2000;,moderate,"SELECT DISTINCT T1.name 
FROM circuits AS T1 
INNER JOIN races AS T2 
ON T2.circuitID = T1.circuitID 
WHERE STRFTIME('%Y-%m', T2.date) BETWEEN '1990-06' AND '2000-06' 
GROUP BY T1.name 
HAVING COUNT(T2.raceId) = 4;"
formula_1-29,formula_1,List circuits in USA which hosted f1 races in 2006. State the name and location of circuit and the name of the race it hosted.,,simple,"SELECT T1.name, T1.location, T2.name FROM circuits AS T1 INNER JOIN races AS T2 ON T2.circuitID = T1.circuitId WHERE T1.country = 'USA' AND T2.year = 2006"
european_football_2-00,european_football_2,What is the height of the tallest player? Indicate his name.,tallest player refers to MAX(height);,simple,SELECT player_name FROM Player ORDER BY height DESC LIMIT 1
european_football_2-01,european_football_2,Which League had the most matches end as draw in the 2016 season?,most matches end as draw refers to MAX(SUM(home_team_goal = away_team_goal)); 2016 season refers to season = '2015/2016';,moderate,SELECT t2.name FROM Match AS t1 INNER JOIN League AS t2 ON t1.league_id = t2.id WHERE t1.season = '2015/2016' AND t1.home_team_goal = t1.away_team_goal GROUP BY t2.name ORDER BY COUNT(t1.id) DESC LIMIT 1
european_football_2-02,european_football_2,What is the average height of players born between 1990 and 1995?,"average height = DIVIDE(SUM(height), COUNT(id)); players born between 1990 and 1995 refers to birthday > = '1990-01-01 00:00:00' AND birthday < '1996-01-01 00:00:00';",simple,"SELECT SUM(height) / COUNT(id) FROM Player WHERE SUBSTR(birthday, 1, 4) BETWEEN '1990' AND '1995'"
european_football_2-03,european_football_2,List the top 10 players' names whose heights are above 180 in descending order of average heading accuracy.,"height > 180; average heading accuracy = DIVIDE(SUM(heading_accuracy), COUNT(player_fifa_api_id));",moderate,"SELECT t1.player_name,  CAST(SUM(t2.heading_accuracy) AS REAL) / COUNT(t2.`player_fifa_api_id`)  FROM Player AS t1 INNER JOIN Player_Attributes AS t2 ON t1.player_api_id = t2.player_api_id WHERE t1.height > 180 GROUP BY t1.id 
    ORDER BY CAST(SUM(t2.heading_accuracy) AS REAL) / COUNT(t2.`player_fifa_api_id`), t1.id DESC LIMIT 10"
european_football_2-04,european_football_2,Which league had the most goals in the 2016 season?,"league that had the most goals refers to MAX(SUM(home_team_goal, away_team_goal)); 2016 season refers to season = '2015/2016';",moderate,SELECT t2.name FROM Match AS t1 INNER JOIN League AS t2 ON t1.league_id = t2.id WHERE t1.season = '2015/2016' GROUP BY t2.name ORDER BY SUM(t1.home_team_goal + t1.away_team_goal) DESC LIMIT 1
european_football_2-05,european_football_2,"In Scotland Premier League, which away team won the most during the 2010 season?","Scotland Premier League refers to League.name = 'Scotland Premier League'; away team refers to away_team_api_id; away team that won the most refers to MAX(SUBTRACT(away_team_goal, home_team_goal) > 0); 2010 season refers to season = '2009/2010';",challenging,SELECT teamInfo.team_long_name FROM League AS leagueData INNER JOIN Match AS matchData ON leagueData.id = matchData.league_id INNER JOIN Team AS teamInfo ON matchData.away_team_api_id = teamInfo.team_api_id WHERE leagueData.name = 'Scotland Premier League' AND matchData.season = '2009/2010' AND matchData.away_team_goal - matchData.home_team_goal > 0 GROUP BY matchData.away_team_api_id ORDER BY COUNT(*) DESC LIMIT 1
european_football_2-06,european_football_2,"At present, calculate for the player's age who have a sprint speed of no less than 97 between 2013 to 2015.","players age at present = SUBTRACT((DATETIME(), birthday)); sprint_speed > = 97; between 2013 to 2015 refers to date > = '2013-01-01 00:00:00' AND date < = '2015-12-31 00:00:00';",challenging,"SELECT DATETIME() - T2.birthday age FROM Player_Attributes AS t1 INNER JOIN Player AS t2 ON t1.player_api_id = t2.player_api_id WHERE SUBSTR(t1.`date`, 1, 10) BETWEEN '2013-01-01' AND '2015-12-31' AND t1.sprint_speed >= 97"
european_football_2-07,european_football_2,Give the name of the league with the highest matches of all time and how many matches were played in the said league.,name of the league refers to League.name; league with highest matches of all time refers to MAX(COUNT(league_id));,moderate,"SELECT t2.name, COUNT(t1.id) FROM Match AS t1 INNER JOIN League AS t2 ON t1.league_id = t2.id GROUP BY t2.name ORDER BY COUNT(t1.id) DESC LIMIT 1"
european_football_2-08,european_football_2,"Calculate the percentage of unique players who prefer left foot, who were born between 1987 and 1992.","players who prefer left foot refers to preferred_foot = 'left'; percentage of players who prefer left foot = DIVIDE(MULTIPLY((SUM(preferred_foot = 'left'), 1.0)), COUNT(player_fifa_api_id)); born between 1987 and 1992 refers to birthday BETWEEN '1987-01-01 00:00:00'AND '1992-12-31 00:00:00';",challenging,"WITH temp as (Select DISTINCT player_api_id, preferred_foot FROM Player_Attributes)
SELECT CAST(COUNT(CASE WHEN t2.preferred_foot = 'left' THEN t1.id ELSE NULL END) AS REAL) * 100 / COUNT(t1.id) percent 
    FROM Player AS t1 INNER JOIN temp AS t2 ON t1.player_api_id = t2.player_api_id 
    WHERE SUBSTR(t1.birthday, 1, 4) BETWEEN '1987' AND '1992'"
european_football_2-09,european_football_2,List the top 5 leagues in ascending order of the number of goals made in all seasons combined.,"number of goals made in all seasons combine = SUM(home_team_goal, away_team_goal);",moderate,"SELECT t1.name, SUM(t2.home_team_goal) + SUM(t2.away_team_goal) FROM League AS t1 INNER JOIN Match AS t2 ON t1.id = t2.league_id GROUP BY t1.name ORDER BY SUM(t2.home_team_goal) + SUM(t2.away_team_goal) ASC LIMIT 5"
european_football_2-10,european_football_2,List the name of leagues in which the average goals by the home team is higher than the away team in the 2009/2010 season.,name of league refers to League.name; average goals by the home team is higher than the away team = AVG(home_team_goal) > AVG(away_team_goal);,challenging,SELECT t1.name FROM League AS t1 INNER JOIN Match AS t2 ON t1.id = t2.league_id WHERE t2.season = '2009/2010' GROUP BY t1.name HAVING (CAST(SUM(t2.home_team_goal) AS REAL) / COUNT(DISTINCT t2.id)) - (CAST(SUM(t2.away_team_goal) AS REAL) / COUNT(DISTINCT t2.id)) > 0
european_football_2-11,european_football_2,What is the short name of the football team Queens Park Rangers?,short name of the football team refers to team_short_name; Queens Park Rangers refers to team_long_name = 'Queens Park Rangers';,simple,SELECT team_short_name FROM Team WHERE team_long_name = 'Queens Park Rangers'
european_football_2-12,european_football_2,List the football players with a birthyear of 1970 and a birthmonth of October.,"players with a birthyear of 1970 and a birthmonth of October refers to substr(birthday,1,4) AS year, substr(birthday,6,2) AS month WHERE year = '1970' AND month = '10';",simple,"SELECT player_name FROM Player WHERE SUBSTR(birthday, 1, 7) = '1970-10'"
european_football_2-13,european_football_2,"How many matches in the 2015/2016 season were held in Scotland Premier League
?",Scotland Premier League refers to League.name = 'Scotland Premier League';,simple,SELECT COUNT(t2.id) FROM League AS t1 INNER JOIN Match AS t2 ON t1.id = t2.league_id WHERE t2.season = '2015/2016' AND t1.name = 'Scotland Premier League'
european_football_2-14,european_football_2,What is the preferred foot when attacking of the youngest football player?,preferred foot when attacking refers to preferred_foot; youngest football player refers to latest birthday;,simple,SELECT t2.preferred_foot FROM Player AS t1 INNER JOIN Player_Attributes AS t2 ON t1.player_api_id = t2.player_api_id ORDER BY t1.birthday DESC LIMIT 1
european_football_2-15,european_football_2,"Among all the players whose weight is under 130, how many of them preferred foot in attacking is left?",weight < 130; preferred foot in attacking refers to preferred_foot; preferred_foot = 'left';,moderate,SELECT COUNT(DISTINCT t1.id) FROM Player AS t1 INNER JOIN Player_Attributes AS t2 ON t1.player_api_id = t2.player_api_id WHERE t1.weight < 130 AND t2.preferred_foot = 'left'
european_football_2-16,european_football_2,List the football teams that has a chance creation passing class of Risky. Inidcate its short name only.,chance creation passing class refers to chanceCreationPassingClass; chanceCreationPassingClass = 'Risky'; short name refers to team_short_name;,moderate,SELECT DISTINCT t1.team_short_name FROM Team AS t1 INNER JOIN Team_attributes AS t2 ON t1.team_api_id = t2.team_api_id WHERE t2.chanceCreationPassingClass = 'Risky'
european_football_2-17,european_football_2,When is the birthday of the football player who has the highest overall rating?,football player who has the highest overall rating refers to MAX(overall_rating);,simple,SELECT t1.birthday FROM Player AS t1 INNER JOIN Player_Attributes AS t2 ON t1.player_api_id = t2.player_api_id ORDER BY t2.overall_rating DESC LIMIT 1
european_football_2-18,european_football_2,What is the name of the football league in the country of Netherlands?,name of the football league refers to League.name;,simple,SELECT t2.name FROM Country AS t1 INNER JOIN League AS t2 ON t1.id = t2.country_id WHERE t1.name = 'Netherlands'
european_football_2-19,european_football_2,Calculate the average home team goal in the 2010/2011 season in the country of Poland.,average home team goal = AVG(home_team_goal) WHERE name = 'Poland' and season = '2010/2011';,moderate,SELECT CAST(SUM(t2.home_team_goal) AS REAL) / COUNT(t2.id) FROM Country AS t1 INNER JOIN Match AS t2 ON t1.id = t2.country_id WHERE t1.name = 'Poland' AND t2.season = '2010/2011'
european_football_2-20,european_football_2,Who has the highest average finishing rate between the highest and shortest football player?,finishing rate refers to finishing; highest average finishing rate = MAX(AVG(finishing)); highest football player refers to MAX(height); shortest football player refers to MIN(height);,challenging,"SELECT A FROM ( SELECT AVG(finishing) result, 'Max' A FROM Player AS T1 INNER JOIN Player_Attributes AS T2 ON T1.player_api_id = T2.player_api_id WHERE T1.height = ( SELECT MAX(height) FROM Player ) UNION SELECT AVG(finishing) result, 'Min' A FROM Player AS T1 INNER JOIN Player_Attributes AS T2 ON T1.player_api_id = T2.player_api_id WHERE T1.height = ( SELECT MIN(height) FROM Player ) ) ORDER BY result DESC LIMIT 1"
european_football_2-21,european_football_2,Please list player names which are higher than 180.,height>180;,simple,SELECT player_name FROM Player WHERE height > 180
european_football_2-22,european_football_2,How many players were born after 1990?,"born after 1990 refers to strftime('%Y', birthday) = '1990';",simple,"SELECT COUNT(id) FROM Player WHERE STRFTIME('%Y', birthday) > '1990'"
european_football_2-23,european_football_2,List out of players whose preferred foot is left.,preferred_foot = 'left';,simple,"SELECT DISTINCT t1.id, t1.player_name FROM Player AS t1 INNER JOIN Player_Attributes AS t2 ON t1.player_api_id = t2.player_api_id WHERE t2.preferred_foot = 'left'"
european_football_2-24,european_football_2,Please list all team short names which the speed class is fast.,team names refers to team_long_name; speed class refers to buildUpPlaySpeedClass; buildUpPlaySpeedClass = 'Fast';,simple,SELECT DISTINCT t1.team_short_name FROM Team AS t1 INNER JOIN Team_Attributes AS t2 ON t1.team_api_id = t2.team_api_id WHERE t2.buildUpPlaySpeedClass = 'Fast'
european_football_2-25,european_football_2,What is the passing class of CLB team?,passing class refers to buildUpPlayPassingClass; CLB refers to team_short_name = 'CLB';,simple,SELECT DISTINCT t2.buildUpPlayPassingClass FROM Team AS t1 INNER JOIN Team_Attributes AS t2 ON t1.team_api_id = t2.team_api_id WHERE t1.team_short_name = 'CLB'
european_football_2-26,european_football_2,Which football player has the shortest height?,shortest height refers to MIN(height);,simple,SELECT player_name FROM player ORDER BY height ASC LIMIT 1
european_football_2-27,european_football_2,Which teams have build up play passing more than 70? Please list their short names.,build up play passing refers to buildUpPlayPassing; buildUpPlayPassing > 70; short names refers to team_short_name;,moderate,SELECT DISTINCT t1.team_short_name FROM Team AS t1 INNER JOIN Team_Attributes AS t2 ON t1.team_api_id = t2.team_api_id WHERE t2.buildUpPlayPassing > 70
european_football_2-28,european_football_2,"From 2010 to 2015, what was the average overall rating of players who are higher than 170?","from 2010 to 2015 refers to strftime('%Y', date) BETWEEN '2010' AND '2015'; height > 170;",moderate,"SELECT CAST(SUM(t2.overall_rating) AS REAL) / COUNT(t2.id) FROM Player AS t1 INNER JOIN Player_Attributes AS t2 ON t1.player_api_id = t2.player_api_id WHERE t1.height > 170 AND SUBSTR(t2.`date`, 1, 4) BETWEEN '2010' AND '2015'"
european_football_2-29,european_football_2,Which country is the league Italy Serie A from?,Italy Serie A from refers to League.name = 'Italy Serie A';,simple,SELECT t1.name FROM Country AS t1 INNER JOIN League AS t2 ON t1.id = t2.country_id WHERE t2.name = 'Italy Serie A'
